topic,subtopic,question,answer
Python,Variables,"What is a variable in Python?","A variable is a named storage location in memory that holds a value. In Python, you do not need to declare the type; it is inferred automatically."
Python,Variables,"How do you assign a value to a variable?","Use the assignment operator (=). For example: x = 10 assigns the integer 10 to the variable x."
Python,Data Types,"What are Python's built-in data types?","Python's built-in data types include int, float, str, bool, list, tuple, set, and dict."
Python,Data Types,"What is the difference between a list and a tuple?","A list is mutable (can be changed after creation) while a tuple is immutable (cannot be changed). Lists use square brackets [], tuples use parentheses ()."
Python,Functions,"What is a function in Python?","A function is a reusable block of code that performs a specific task. It is defined using the def keyword."
Python,Functions,"What is the difference between *args and **kwargs?","*args allows a function to accept any number of positional arguments as a tuple. **kwargs allows any number of keyword arguments as a dictionary."
Python,OOP,"What is Object-Oriented Programming?","OOP is a programming paradigm that organises code into objects that contain data (attributes) and behaviour (methods)."
Python,OOP,"What is inheritance in Python?","Inheritance allows a child class to acquire the properties and methods of a parent class, enabling code reuse."
Python,OOP,"What is encapsulation?","Encapsulation is the bundling of data and methods within a class, restricting direct access to some components to protect object integrity."
Python,OOP,"What is polymorphism?","Polymorphism allows objects of different classes to be treated as instances of the same class through a common interface."
Machine Learning,Supervised Learning,"What is supervised learning?","Supervised learning is a type of ML where the model is trained on labelled data, learning to map inputs to outputs based on example input-output pairs."
Machine Learning,Supervised Learning,"What is the difference between classification and regression?","Classification predicts a discrete class label (e.g., spam/not spam). Regression predicts a continuous numerical value (e.g., house price)."
Machine Learning,Unsupervised Learning,"What is unsupervised learning?","Unsupervised learning trains on unlabelled data to find hidden patterns or structures, such as clustering or dimensionality reduction."
Machine Learning,Unsupervised Learning,"What is k-means clustering?","K-means partitions data into k clusters by minimising the sum of squared distances between data points and their cluster centroid."
Machine Learning,Neural Networks,"What is a neural network?","A neural network is a computational model inspired by the human brain, consisting of layers of interconnected nodes (neurons) that learn patterns from data."
Machine Learning,Neural Networks,"What is backpropagation?","Backpropagation is the algorithm used to train neural networks by computing gradients of the loss function with respect to weights and propagating them backward."
Machine Learning,Evaluation,"What is overfitting?","Overfitting occurs when a model learns the training data too well, including noise, leading to poor performance on unseen data."
Machine Learning,Evaluation,"What is cross-validation?","Cross-validation is a technique to assess model generalisation by splitting data into multiple train/test folds and averaging performance metrics."
NLP,Basics,"What is Natural Language Processing?","NLP is a field of AI that enables computers to understand, interpret, and generate human language using computational techniques."
NLP,Basics,"What is tokenisation?","Tokenisation is the process of splitting text into individual units called tokens, which can be words, subwords, or sentences."
NLP,Preprocessing,"What is stemming?","Stemming reduces words to their root form by removing suffixes (e.g., 'running' -> 'run'). It is a heuristic process and may produce non-words."
NLP,Preprocessing,"What is lemmatisation?","Lemmatisation reduces words to their dictionary base form (lemma) using vocabulary and morphological analysis (e.g., 'better' -> 'good')."
NLP,Preprocessing,"What are stop words?","Stop words are common words like 'the', 'is', 'in' that are often removed during text preprocessing as they carry little meaningful information."
NLP,Features,"What is TF-IDF?","TF-IDF (Term Frequency-Inverse Document Frequency) is a numerical statistic that reflects how important a word is in a document relative to a collection of documents."
NLP,Features,"What is a bag of words?","Bag of Words is a text representation that counts word occurrences in a document, ignoring grammar and word order."
Data Science,Statistics,"What is the mean?","The mean (average) is the sum of all values divided by the number of values in a dataset."
Data Science,Statistics,"What is standard deviation?","Standard deviation measures the spread of data around the mean. A low value indicates data points are close to the mean; a high value indicates they are spread out."
Data Science,Statistics,"What is a normal distribution?","A normal distribution is a symmetric, bell-shaped probability distribution where most data falls near the mean, defined by its mean and standard deviation."
Data Science,Pandas,"What is a DataFrame in pandas?","A DataFrame is a 2-dimensional labelled data structure in pandas with columns of potentially different types, similar to a spreadsheet or SQL table."
Data Science,Pandas,"What does groupby() do in pandas?","groupby() splits a DataFrame into groups based on one or more columns, allowing you to apply aggregate functions like sum, mean, or count to each group."
Data Science,Numpy,"What is NumPy?","NumPy is a Python library for numerical computing that provides support for large multi-dimensional arrays and matrices, along with mathematical functions."
Data Science,Numpy,"What is broadcasting in NumPy?","Broadcasting allows NumPy to perform arithmetic operations on arrays of different shapes by automatically expanding the smaller array to match the larger one."
Algorithms,Sorting,"What is bubble sort?","Bubble sort repeatedly compares adjacent elements and swaps them if they are in the wrong order. It has O(n²) time complexity and is inefficient for large datasets."
Algorithms,Sorting,"What is quicksort?","Quicksort is a divide-and-conquer algorithm that selects a pivot element and partitions the array around it. Average time complexity is O(n log n)."
Algorithms,Searching,"What is binary search?","Binary search finds a target in a sorted array by repeatedly halving the search interval. It has O(log n) time complexity."
Algorithms,Complexity,"What is Big-O notation?","Big-O notation describes the worst-case time or space complexity of an algorithm as a function of input size n, helping compare algorithm efficiency."
